date,day_of_week,is_weekend,is_holiday,holiday_name,temperature,rainfall,event_impact_level,area_density_score,sales_1_day_ago,sales_7_days_ago,revenue,orders
2024-01-01,1,0,1,Tết Dương lịch,25.8,7.2,1,115,2800000.0,2800000.0,3066000.0,61
2024-01-02,2,0,0,,22.2,0.0,1,115,3066000.0,2800000.0,2530000.0,50
2024-01-03,3,0,0,,26.5,6.0,1,115,2530000.0,2800000.0,2667000.0,53
2024-01-04,4,0,0,,20.4,16.2,1,115,2667000.0,2800000.0,2298000.0,45
2024-01-05,5,0,0,,24.2,8.2,1,115,2298000.0,2800000.0,2822000.0,56
2024-01-06,6,1,0,,18.1,7.6,1,115,2822000.0,2800000.0,3022000.0,60
2024-01-07,7,1,0,,24.1,3.2,1,115,3022000.0,2800000.0,3560000.0,71
2024-01-08,1,0,0,,21.6,11.3,1,115,3560000.0,3066000.0,2226000.0,44
2024-01-09,2,0,0,,21.2,0.0,1,115,2226000.0,2530000.0,2439000.0,48
2024-01-10,3,0,0,,22.9,3.4,1,115,2439000.0,2667000.0,2722000.0,54
2024-01-11,4,0,0,,22.6,0.0,1,115,2722000.0,2298000.0,2733000.0,54
2024-01-12,5,0,0,,22.3,4.9,1,115,2733000.0,2822000.0,3246000.0,64
2024-01-13,6,1,0,,21.6,0.0,1,115,3246000.0,3022000.0,3568000.0,71
2024-01-14,7,1,0,,22.8,0.0,1,115,3568000.0,3560000.0,3740000.0,74
2024-01-15,1,0,0,,23.6,9.6,1,115,3740000.0,2226000.0,2535000.0,50
2024-01-16,2,0,0,,20.9,0.0,1,115,2535000.0,2439000.0,2822000.0,56
2024-01-17,3,0,0,,23.0,0.0,1,115,2822000.0,2722000.0,2419000.0,48
2024-01-18,4,0,0,,22.5,12.9,1,115,2419000.0,2733000.0,2475000.0,49
2024-01-19,5,0,0,,20.1,3.8,1,115,2475000.0,3246000.0,2956000.0,59
2024-01-20,6,1,0,,20.9,0.0,1,115,2956000.0,3568000.0,3223000.0,64
2024-01-21,7,1,0,,21.5,8.2,1,115,3223000.0,3740000.0,3514000.0,70
2024-01-22,1,0,0,,24.5,0.0,1,115,3514000.0,2535000.0,2526000.0,50
2024-01-23,2,0,0,,19.9,0.0,1,115,2526000.0,2822000.0,2160000.0,43
2024-01-24,3,0,0,,23.7,0.0,1,115,2160000.0,2419000.0,3029000.0,60
2024-01-25,4,0,0,,21.6,10.8,1,115,3029000.0,2475000.0,2433000.0,48
2024-01-26,5,0,0,,21.3,8.9,1,115,2433000.0,2956000.0,3136000.0,62
2024-01-27,6,1,0,,24.0,0.0,1,115,3136000.0,3223000.0,3239000.0,64
2024-01-28,7,1,0,,24.8,3.9,1,115,3239000.0,3514000.0,3520000.0,70
2024-01-29,1,0,0,,23.3,3.8,1,115,3520000.0,2526000.0,2669000.0,53
2024-01-30,2,0,0,,22.5,0.0,1,115,2669000.0,2160000.0,2552000.0,51
2024-01-31,3,0,0,,19.7,3.5,1,115,2552000.0,3029000.0,2533000.0,50
2024-02-01,4,0,0,,28.2,0.0,1,115,2533000.0,2433000.0,3154000.0,63
2024-02-02,5,0,1,Trước Tết 28 Chạp,21.8,0.0,1,115,3154000.0,3136000.0,5168000.0,103
2024-02-03,6,1,1,Trước Tết 29 Chạp,19.8,0.0,1,115,5168000.0,3239000.0,6712000.0,134
2024-02-04,7,1,1,Giao thừa 30 Chạp,26.0,0.3,1,115,6712000.0,3520000.0,6211000.0,124
2024-02-05,1,0,1,Mùng 1 Tết,22.8,0.0,1,115,6211000.0,2669000.0,4492000.0,89
2024-02-06,2,0,1,Mùng 2 Tết,20.9,0.0,1,115,4492000.0,2552000.0,6036000.0,120
2024-02-07,3,0,1,Mùng 3 Tết,22.8,0.0,1,115,6036000.0,2533000.0,6708000.0,134
2024-02-08,4,0,1,Mùng 4 Tết,26.8,0.0,1,115,6708000.0,3154000.0,6311000.0,126
2024-02-09,5,0,1,Mùng 5 Tết,28.6,0.0,1,115,6311000.0,5168000.0,6566000.0,131
2024-02-10,6,1,1,Mùng 6 Tết,22.0,0.0,1,115,6566000.0,6712000.0,6766000.0,135
2024-02-11,7,1,1,Mùng 7 Tết,23.1,0.0,1,115,6766000.0,6211000.0,5437000.0,108
2024-02-12,1,0,0,,26.6,0.0,1,115,5437000.0,4492000.0,3281000.0,65
2024-02-13,2,0,0,,21.9,0.0,1,115,3281000.0,6036000.0,2756000.0,55
2024-02-14,3,0,1,Rằm Tháng Giêng,25.1,0.0,1,115,2756000.0,6708000.0,3418000.0,68
2024-02-15,4,0,0,,20.4,2.3,1,115,3418000.0,6311000.0,3528000.0,70
2024-02-16,5,0,0,,21.3,0.0,1,115,3528000.0,6566000.0,3634000.0,72
2024-02-17,6,1,0,,17.9,0.0,1,115,3634000.0,6766000.0,3093000.0,61
2024-02-18,7,1,0,,22.7,0.0,1,115,3093000.0,5437000.0,4001000.0,80
2024-02-19,1,0,0,,21.3,0.0,1,115,4001000.0,3281000.0,2841000.0,56
2024-02-20,2,0,0,,21.9,5.8,1,115,2841000.0,2756000.0,2715000.0,54
2024-02-21,3,0,0,,22.2,4.4,1,115,2715000.0,3418000.0,2826000.0,56
2024-02-22,4,0,0,,23.0,0.0,1,115,2826000.0,3528000.0,3112000.0,62
2024-02-23,5,0,0,,27.0,0.0,1,115,3112000.0,3634000.0,3388000.0,67
2024-02-24,6,1,0,,25.6,0.0,1,115,3388000.0,3093000.0,3851000.0,77
2024-02-25,7,1,0,,18.3,0.0,1,115,3851000.0,4001000.0,3320000.0,66
2024-02-26,1,0,0,,25.6,0.0,1,115,3320000.0,2841000.0,3187000.0,63
2024-02-27,2,0,0,,24.5,3.7,1,115,3187000.0,2715000.0,2861000.0,57
2024-02-28,3,0,0,,18.4,0.0,1,115,2861000.0,2826000.0,2840000.0,56
2024-02-29,4,0,0,,21.0,0.0,1,115,2840000.0,3112000.0,2911000.0,58
2024-03-01,5,0,0,,27.1,0.0,1,115,2911000.0,3388000.0,3447000.0,68
2024-03-02,6,1,0,,22.7,0.0,1,115,3447000.0,3851000.0,4535000.0,90
2024-03-03,7,1,0,,23.3,0.0,1,115,4535000.0,3320000.0,4242000.0,84
2024-03-04,1,0,0,,26.8,0.0,1,115,4242000.0,3187000.0,3214000.0,64
2024-03-05,2,0,0,,23.0,1.5,1,115,3214000.0,2861000.0,2870000.0,57
2024-03-06,3,0,0,,23.5,0.0,1,115,2870000.0,2840000.0,3350000.0,67
2024-03-07,4,0,0,,24.4,0.0,1,115,3350000.0,2911000.0,3209000.0,64
2024-03-08,5,0,1,Quốc tế Phụ nữ,26.2,1.5,1,115,3209000.0,3447000.0,4509000.0,90
2024-03-09,6,1,0,,29.3,0.0,1,115,4509000.0,4535000.0,4304000.0,86
2024-03-10,7,1,0,,25.2,0.0,1,115,4304000.0,4242000.0,4139000.0,82
2024-03-11,1,0,0,,26.1,2.3,1,115,4139000.0,3214000.0,2700000.0,54
2024-03-12,2,0,0,,24.0,0.0,1,115,2700000.0,2870000.0,2963000.0,59
2024-03-13,3,0,0,,23.9,0.0,1,115,2963000.0,3350000.0,3192000.0,63
2024-03-14,4,0,0,,23.5,0.0,1,115,3192000.0,3209000.0,3974000.0,79
2024-03-15,5,0,0,,23.5,0.0,1,115,3974000.0,4509000.0,3639000.0,72
2024-03-16,6,1,0,,23.7,0.0,1,115,3639000.0,4304000.0,4352000.0,87
2024-03-17,7,1,0,,28.0,0.0,1,115,4352000.0,4139000.0,4074000.0,81
2024-03-18,1,0,0,,27.0,0.9,1,115,4074000.0,2700000.0,2949000.0,58
2024-03-19,2,0,0,,23.0,9.9,1,115,2949000.0,2963000.0,2930000.0,58
2024-03-20,3,0,0,,22.6,0.0,1,115,2930000.0,3192000.0,3218000.0,64
2024-03-21,4,0,0,,25.4,0.5,1,115,3218000.0,3974000.0,3396000.0,67
2024-03-22,5,0,0,,25.2,0.0,1,115,3396000.0,3639000.0,4340000.0,86
2024-03-23,6,1,0,,25.8,0.0,1,115,4340000.0,4352000.0,4192000.0,83
2024-03-24,7,1,0,,23.8,0.0,1,115,4192000.0,4074000.0,4231000.0,84
2024-03-25,1,0,0,,23.9,0.0,1,115,4231000.0,2949000.0,2970000.0,59
2024-03-26,2,0,0,,26.3,0.0,1,115,2970000.0,2930000.0,3019000.0,60
2024-03-27,3,0,0,,20.8,0.0,1,115,3019000.0,3218000.0,3418000.0,68
2024-03-28,4,0,0,,27.3,0.0,1,115,3418000.0,3396000.0,3852000.0,77
2024-03-29,5,0,0,,25.9,0.0,1,115,3852000.0,4340000.0,3857000.0,77
2024-03-30,6,1,0,,24.8,0.0,1,115,3857000.0,4192000.0,5011000.0,100
2024-03-31,7,1,0,,22.9,0.0,1,115,5011000.0,4231000.0,4182000.0,83
2024-04-01,1,0,0,,27.4,0.0,1,115,4182000.0,2970000.0,3275000.0,65
2024-04-02,2,0,0,,32.7,0.0,1,115,3275000.0,3019000.0,3255000.0,65
2024-04-03,3,0,0,,28.1,0.0,1,115,3255000.0,3418000.0,3479000.0,69
2024-04-04,4,0,0,,29.1,0.0,1,115,3479000.0,3852000.0,3299000.0,65
2024-04-05,5,0,0,,29.4,0.0,1,115,3299000.0,3857000.0,4261000.0,85
2024-04-06,6,1,0,,26.9,0.0,1,115,4261000.0,5011000.0,4798000.0,95
2024-04-07,7,1,0,,26.6,3.1,1,115,4798000.0,4182000.0,5037000.0,100
2024-04-08,1,0,0,,25.8,0.0,1,115,5037000.0,3275000.0,2989000.0,59
2024-04-09,2,0,0,,27.9,0.0,1,115,2989000.0,3255000.0,3328000.0,66
2024-04-10,3,0,0,,28.0,1.4,1,115,3328000.0,3479000.0,3724000.0,74
2024-04-11,4,0,0,,29.4,0.0,1,115,3724000.0,3299000.0,3828000.0,76
2024-04-12,5,0,0,,28.0,0.0,1,115,3828000.0,4261000.0,4498000.0,89
2024-04-13,6,1,0,,27.1,0.0,1,115,4498000.0,4798000.0,5479000.0,109
2024-04-14,7,1,0,,28.3,0.0,1,115,5479000.0,5037000.0,4569000.0,91
2024-04-15,1,0,0,,25.1,0.0,1,115,4569000.0,2989000.0,3713000.0,74
2024-04-16,2,0,0,,28.9,0.0,1,115,3713000.0,3328000.0,3527000.0,70
2024-04-17,3,0,0,,28.1,0.0,1,115,3527000.0,3724000.0,3004000.0,60
2024-04-18,4,0,1,Giỗ Tổ Hùng Vương,24.8,0.0,1,115,3004000.0,3828000.0,4394000.0,87
2024-04-19,5,0,0,,31.1,0.0,1,115,4394000.0,4498000.0,4271000.0,85
2024-04-20,6,1,0,,30.2,0.0,1,115,4271000.0,5479000.0,4621000.0,92
2024-04-21,7,1,0,,31.9,0.0,1,115,4621000.0,4569000.0,5081000.0,101
2024-04-22,1,0,0,,28.5,0.0,1,115,5081000.0,3713000.0,3445000.0,68
2024-04-23,2,0,0,,25.7,0.0,1,115,3445000.0,3527000.0,3410000.0,68
2024-04-24,3,0,0,,29.4,0.0,1,115,3410000.0,3004000.0,3804000.0,76
2024-04-25,4,0,0,,28.3,0.0,1,115,3804000.0,4394000.0,3733000.0,74
2024-04-26,5,0,0,,30.7,0.0,1,115,3733000.0,4271000.0,4187000.0,83
2024-04-27,6,1,0,,24.6,0.0,1,115,4187000.0,4621000.0,4547000.0,90
2024-04-28,7,1,0,,27.7,1.1,1,115,4547000.0,5081000.0,4694000.0,93
2024-04-29,1,0,0,,27.8,0.0,1,115,4694000.0,3445000.0,3522000.0,70
2024-04-30,2,0,1,Giải phóng miền Nam,28.5,3.1,1,115,3522000.0,3410000.0,4924000.0,98
2024-05-01,3,0,1,Quốc tế Lao động,31.6,0.0,1,115,4924000.0,3804000.0,5905000.0,118
2024-05-02,4,0,0,,28.0,6.0,1,115,5905000.0,3733000.0,4639000.0,92
2024-05-03,5,0,0,,30.8,0.0,1,115,4639000.0,4187000.0,4545000.0,90
2024-05-04,6,1,0,,32.4,1.3,1,115,4545000.0,4547000.0,6624000.0,132
2024-05-05,7,1,0,,31.1,0.0,1,115,6624000.0,4694000.0,4509000.0,90
2024-05-06,1,0,0,,29.0,11.8,1,115,4509000.0,3522000.0,3397000.0,67
2024-05-07,2,0,0,,29.8,0.0,1,115,3397000.0,4924000.0,3375000.0,67
2024-05-08,3,0,0,,29.0,0.0,1,115,3375000.0,5905000.0,4206000.0,84
2024-05-09,4,0,0,,30.5,0.0,1,115,4206000.0,4639000.0,4488000.0,89
2024-05-10,5,0,0,,30.0,8.7,1,115,4488000.0,4545000.0,4347000.0,86
2024-05-11,6,1,0,,32.8,0.0,1,115,4347000.0,6624000.0,5070000.0,101
2024-05-12,7,1,0,,30.6,0.0,1,115,5070000.0,4509000.0,5595000.0,111
2024-05-13,1,0,0,,29.7,0.0,1,115,5595000.0,3397000.0,4053000.0,81
2024-05-14,2,0,0,,28.4,0.0,1,115,4053000.0,3375000.0,3762000.0,75
2024-05-15,3,0,0,,32.9,13.2,1,115,3762000.0,4206000.0,3433000.0,68
2024-05-16,4,0,0,,29.5,2.3,1,115,3433000.0,4488000.0,3615000.0,72
2024-05-17,5,0,0,,31.0,0.0,1,115,3615000.0,4347000.0,4051000.0,81
2024-05-18,6,1,0,,32.5,0.0,1,115,4051000.0,5070000.0,5995000.0,119
2024-05-19,7,1,0,,31.0,12.1,1,115,5995000.0,5595000.0,4391000.0,87
2024-05-20,1,0,0,,29.4,3.5,1,115,4391000.0,4053000.0,3778000.0,75
2024-05-21,2,0,0,,32.2,4.8,1,115,3778000.0,3762000.0,3721000.0,74
2024-05-22,3,0,0,,27.0,0.0,1,115,3721000.0,3433000.0,3869000.0,77
2024-05-23,4,0,0,,31.3,0.0,1,115,3869000.0,3615000.0,4140000.0,82
2024-05-24,5,0,0,,30.2,1.3,1,115,4140000.0,4051000.0,4282000.0,85
2024-05-25,6,1,0,,35.9,1.5,1,115,4282000.0,5995000.0,6074000.0,121
2024-05-26,7,1,0,,33.6,0.0,1,115,6074000.0,4391000.0,4952000.0,99
2024-05-27,1,0,0,,31.0,0.0,1,115,4952000.0,3778000.0,3985000.0,79
2024-05-28,2,0,0,,28.0,0.0,1,115,3985000.0,3721000.0,3683000.0,73
2024-05-29,3,0,0,,27.8,5.1,1,115,3683000.0,3869000.0,3637000.0,72
2024-05-30,4,0,0,,32.2,0.0,1,115,3637000.0,4140000.0,4129000.0,82
2024-05-31,5,0,0,,32.7,0.0,1,115,4129000.0,4282000.0,4562000.0,91
2024-06-01,6,1,1,Quốc tế Thiếu nhi,33.9,3.1,1,115,4562000.0,6074000.0,5650000.0,113
2024-06-02,7,1,0,,31.3,6.3,1,115,5650000.0,4952000.0,5596000.0,111
2024-06-03,1,0,0,,30.5,12.3,1,115,5596000.0,3985000.0,3586000.0,71
2024-06-04,2,0,0,,28.4,5.8,1,115,3586000.0,3683000.0,3711000.0,74
2024-06-05,3,0,0,,32.1,3.1,1,115,3711000.0,3637000.0,4410000.0,88
2024-06-06,4,0,0,,32.2,0.0,1,115,4410000.0,4129000.0,5056000.0,101
2024-06-07,5,0,0,,32.6,0.0,1,115,5056000.0,4562000.0,5438000.0,108
2024-06-08,6,1,0,,31.6,0.0,1,115,5438000.0,5650000.0,4974000.0,99
2024-06-09,7,1,0,,33.7,0.0,1,115,4974000.0,5596000.0,6305000.0,126
2024-06-10,1,0,0,,31.9,0.0,1,115,6305000.0,3586000.0,4353000.0,87
2024-06-11,2,0,0,,32.8,0.0,1,115,4353000.0,3711000.0,4071000.0,81
2024-06-12,3,0,0,,33.2,0.0,1,115,4071000.0,4410000.0,4549000.0,90
2024-06-13,4,0,0,,31.2,3.3,1,115,4549000.0,5056000.0,4109000.0,82
2024-06-14,5,0,0,,31.8,0.0,1,115,4109000.0,5438000.0,5004000.0,100
2024-06-15,6,1,0,,31.8,0.0,1,115,5004000.0,4974000.0,5182000.0,103
2024-06-16,7,1,0,,31.5,1.8,1,115,5182000.0,6305000.0,5437000.0,108
2024-06-17,1,0,0,,30.2,1.2,1,115,5437000.0,4353000.0,3691000.0,73
2024-06-18,2,0,0,,33.5,0.0,1,115,3691000.0,4071000.0,4142000.0,82
2024-06-19,3,0,0,,32.2,0.0,1,115,4142000.0,4549000.0,4325000.0,86
2024-06-20,4,0,0,,31.7,5.6,1,115,4325000.0,4109000.0,4772000.0,95
2024-06-21,5,0,0,,31.2,0.0,1,115,4772000.0,5004000.0,4436000.0,88
2024-06-22,6,1,0,,31.5,0.0,1,115,4436000.0,5182000.0,5258000.0,105
2024-06-23,7,1,0,,33.8,0.0,1,115,5258000.0,5437000.0,6241000.0,124
2024-06-24,1,0,0,,31.1,0.0,1,115,6241000.0,3691000.0,4067000.0,81
2024-06-25,2,0,0,,32.5,0.0,1,115,4067000.0,4142000.0,4345000.0,86
2024-06-26,3,0,0,,32.5,0.0,1,115,4345000.0,4325000.0,4299000.0,85
2024-06-27,4,0,0,,32.7,0.0,1,115,4299000.0,4772000.0,4103000.0,82
2024-06-28,5,0,0,,30.3,0.0,1,115,4103000.0,4436000.0,4386000.0,87
2024-06-29,6,1,0,,30.8,4.0,1,115,4386000.0,5258000.0,6077000.0,121
2024-06-30,7,1,0,,30.7,3.4,1,115,6077000.0,6241000.0,5645000.0,112
2024-07-01,1,0,0,,33.8,12.9,1,115,5645000.0,4067000.0,3480000.0,69
2024-07-02,2,0,0,,30.9,0.0,1,115,3480000.0,4345000.0,3815000.0,76
2024-07-03,3,0,0,,31.2,0.0,1,115,3815000.0,4299000.0,4083000.0,81
2024-07-04,4,0,0,,30.9,0.0,1,115,4083000.0,4103000.0,4023000.0,80
2024-07-05,5,0,0,,31.0,0.0,1,115,4023000.0,4386000.0,4191000.0,83
2024-07-06,6,1,0,,34.0,0.0,1,115,4191000.0,6077000.0,5809000.0,116
2024-07-07,7,1,0,,33.4,0.0,2,115,5809000.0,5645000.0,6546000.0,130
2024-07-08,1,0,0,,31.2,4.5,1,115,6546000.0,3480000.0,4185000.0,83
2024-07-09,2,0,0,,31.6,0.0,1,115,4185000.0,3815000.0,3515000.0,70
2024-07-10,3,0,0,,30.8,0.0,1,115,3515000.0,4083000.0,3618000.0,72
2024-07-11,4,0,0,,30.0,3.5,1,115,3618000.0,4023000.0,3691000.0,73
2024-07-12,5,0,0,,28.7,0.0,1,115,3691000.0,4191000.0,4824000.0,96
2024-07-13,6,1,0,,30.4,0.0,1,115,4824000.0,5809000.0,4951000.0,99
2024-07-14,7,1,0,,32.6,1.9,1,115,4951000.0,6546000.0,6273000.0,125
2024-07-15,1,0,0,,31.9,0.0,1,115,6273000.0,4185000.0,4018000.0,80
2024-07-16,2,0,0,,29.9,0.0,1,115,4018000.0,3515000.0,4136000.0,82
2024-07-17,3,0,0,,32.3,7.8,1,115,4136000.0,3618000.0,4453000.0,89
2024-07-18,4,0,0,,31.8,0.0,1,115,4453000.0,3691000.0,3881000.0,77
2024-07-19,5,0,0,,30.6,0.0,1,115,3881000.0,4824000.0,4649000.0,92
2024-07-20,6,1,0,,31.1,0.0,1,115,4649000.0,4951000.0,5276000.0,105
2024-07-21,7,1,0,,32.4,11.1,1,115,5276000.0,6273000.0,4684000.0,93
2024-07-22,1,0,0,,29.8,0.0,1,115,4684000.0,4018000.0,3587000.0,71
2024-07-23,2,0,0,,31.6,11.0,1,115,3587000.0,4136000.0,3381000.0,67
2024-07-24,3,0,0,,29.8,0.0,1,115,3381000.0,4453000.0,4277000.0,85
2024-07-25,4,0,0,,30.3,0.0,1,115,4277000.0,3881000.0,4447000.0,88
2024-07-26,5,0,0,,31.2,0.0,1,115,4447000.0,4649000.0,4956000.0,99
2024-07-27,6,1,0,,30.9,11.4,1,115,4956000.0,5276000.0,4636000.0,92
2024-07-28,7,1,0,,31.9,0.0,1,115,4636000.0,4684000.0,4566000.0,91
2024-07-29,1,0,0,,31.3,0.0,1,115,4566000.0,3587000.0,3420000.0,68
2024-07-30,2,0,0,,31.9,0.0,1,115,3420000.0,3381000.0,3601000.0,72
2024-07-31,3,0,0,,32.9,0.0,1,115,3601000.0,4277000.0,4347000.0,86
2024-08-01,4,0,0,,28.6,0.0,1,115,4347000.0,4447000.0,4527000.0,90
2024-08-02,5,0,0,,29.6,0.0,1,115,4527000.0,4956000.0,4123000.0,82
2024-08-03,6,1,0,,31.1,0.0,1,115,4123000.0,4636000.0,4876000.0,97
2024-08-04,7,1,0,,30.3,0.0,1,115,4876000.0,4566000.0,4569000.0,91
2024-08-05,1,0,0,,36.2,0.0,1,115,4569000.0,3420000.0,3759000.0,75
2024-08-06,2,0,0,,31.3,0.0,1,115,3759000.0,3601000.0,3475000.0,69
2024-08-07,3,0,0,,34.5,0.0,1,115,3475000.0,4347000.0,4390000.0,87
2024-08-08,4,0,0,,31.1,5.2,2,115,4390000.0,4527000.0,4096000.0,81
2024-08-09,5,0,0,,30.4,7.1,1,115,4096000.0,4123000.0,3721000.0,74
2024-08-10,6,1,0,,30.5,0.0,1,115,3721000.0,4876000.0,5055000.0,101
2024-08-11,7,1,0,,31.2,0.0,1,115,5055000.0,4569000.0,5031000.0,100
2024-08-12,1,0,0,,31.4,0.0,1,115,5031000.0,3759000.0,3886000.0,77
2024-08-13,2,0,0,,32.0,0.0,1,115,3886000.0,3475000.0,3460000.0,69
2024-08-14,3,0,0,,29.7,0.0,1,115,3460000.0,4390000.0,3643000.0,72
2024-08-15,4,0,0,,30.9,0.0,1,115,3643000.0,4096000.0,3744000.0,74
2024-08-16,5,0,0,,30.5,13.1,1,115,3744000.0,3721000.0,3130000.0,62
2024-08-17,6,1,0,,30.6,10.9,1,115,3130000.0,5055000.0,4300000.0,86
2024-08-18,7,1,0,,33.7,2.7,1,115,4300000.0,5031000.0,4883000.0,97
2024-08-19,1,0,0,,29.6,0.0,1,115,4883000.0,3886000.0,3844000.0,76
2024-08-20,2,0,0,,30.6,12.4,1,115,3844000.0,3460000.0,3508000.0,70
2024-08-21,3,0,0,,30.5,0.0,1,115,3508000.0,3643000.0,3667000.0,73
2024-08-22,4,0,0,,31.8,11.5,1,115,3667000.0,3744000.0,3476000.0,69
2024-08-23,5,0,0,,31.2,0.0,1,115,3476000.0,3130000.0,4017000.0,80
2024-08-24,6,1,0,,28.3,0.0,1,115,4017000.0,4300000.0,4781000.0,95
2024-08-25,7,1,0,,30.0,0.0,1,115,4781000.0,4883000.0,4673000.0,93
2024-08-26,1,0,0,,28.9,2.9,1,115,4673000.0,3844000.0,3380000.0,67
2024-08-27,2,0,0,,30.1,0.0,1,115,3380000.0,3508000.0,3728000.0,74
2024-08-28,3,0,0,,28.7,0.0,1,115,3728000.0,3667000.0,3734000.0,74
2024-08-29,4,0,0,,29.5,2.5,1,115,3734000.0,3476000.0,3948000.0,78
2024-08-30,5,0,0,,30.9,0.0,1,115,3948000.0,4017000.0,4530000.0,90
2024-08-31,6,1,0,,30.5,0.0,1,115,4530000.0,4781000.0,5171000.0,103
2024-09-01,7,1,0,,29.9,5.4,1,115,5171000.0,4673000.0,3809000.0,76
2024-09-02,1,0,1,Quốc khánh,25.1,0.0,1,115,3809000.0,3380000.0,3555000.0,71
2024-09-03,2,0,1,Nghỉ bù Quốc khánh,27.5,0.0,1,115,3555000.0,3728000.0,3686000.0,73
2024-09-04,3,0,0,,27.9,2.6,1,115,3686000.0,3734000.0,2967000.0,59
2024-09-05,4,0,0,,30.7,14.1,1,115,2967000.0,3948000.0,2532000.0,50
2024-09-06,5,0,0,,27.0,0.0,1,115,2532000.0,4530000.0,3520000.0,70
2024-09-07,6,1,0,,30.3,9.6,1,115,3520000.0,5171000.0,3609000.0,72
2024-09-08,7,1,0,,32.2,2.3,1,115,3609000.0,3809000.0,3293000.0,65
2024-09-09,1,0,0,,29.4,6.0,1,115,3293000.0,3555000.0,2370000.0,47
2024-09-10,2,0,0,,28.1,10.9,1,115,2370000.0,3686000.0,2298000.0,45
2024-09-11,3,0,0,,30.4,3.4,1,115,2298000.0,2967000.0,2805000.0,56
2024-09-12,4,0,0,,28.2,0.0,1,115,2805000.0,2532000.0,2899000.0,57
2024-09-13,5,0,0,,29.5,0.0,1,115,2899000.0,3520000.0,2854000.0,57
2024-09-14,6,1,0,,27.2,0.0,1,115,2854000.0,3609000.0,3964000.0,79
2024-09-15,7,1,0,,31.7,19.0,1,115,3964000.0,3293000.0,3280000.0,65
2024-09-16,1,0,0,,28.1,13.8,1,115,3280000.0,2370000.0,2384000.0,47
2024-09-17,2,0,0,,27.7,0.0,1,115,2384000.0,2298000.0,2626000.0,52
2024-09-18,3,0,0,,29.8,7.9,1,115,2626000.0,2805000.0,2837000.0,56
2024-09-19,4,0,0,,29.1,0.0,1,115,2837000.0,2899000.0,3135000.0,62
2024-09-20,5,0,0,,31.3,9.3,1,115,3135000.0,2854000.0,2898000.0,57
2024-09-21,6,1,0,,27.9,28.2,1,115,2898000.0,3964000.0,3307000.0,66
2024-09-22,7,1,0,,29.3,24.1,1,115,3307000.0,3280000.0,2981000.0,59
2024-09-23,1,0,0,,27.7,29.3,1,115,2981000.0,2384000.0,2270000.0,45
2024-09-24,2,0,0,,26.4,24.3,1,115,2270000.0,2626000.0,2277000.0,45
2024-09-25,3,0,0,,28.1,0.0,1,115,2277000.0,2837000.0,2609000.0,52
2024-09-26,4,0,0,,28.6,0.0,1,115,2609000.0,3135000.0,2654000.0,53
2024-09-27,5,0,0,,28.3,21.6,1,115,2654000.0,2898000.0,2652000.0,53
2024-09-28,6,1,0,,30.0,5.4,1,115,2652000.0,3307000.0,3671000.0,73
2024-09-29,7,1,0,,31.2,0.0,1,115,3671000.0,2981000.0,3864000.0,77
2024-09-30,1,0,0,,28.5,7.4,1,115,3864000.0,2270000.0,2792000.0,55
2024-10-01,2,0,0,,25.8,19.2,1,115,2792000.0,2277000.0,2069000.0,41
2024-10-02,3,0,0,,24.3,17.2,1,115,2069000.0,2609000.0,2196000.0,43
2024-10-03,4,0,0,,25.7,6.1,1,115,2196000.0,2654000.0,2459000.0,49
2024-10-04,5,0,0,,26.4,19.8,1,115,2459000.0,2652000.0,2359000.0,47
2024-10-05,6,1,0,,28.7,29.9,1,115,2359000.0,3671000.0,2698000.0,53
2024-10-06,7,1,0,,29.0,48.9,1,115,2698000.0,3864000.0,2052000.0,41
2024-10-07,1,0,0,,24.3,18.7,1,115,2052000.0,2792000.0,1718000.0,34
2024-10-08,2,0,0,,27.8,14.0,1,115,1718000.0,2069000.0,1676000.0,33
2024-10-09,3,0,0,,23.3,15.3,1,115,1676000.0,2196000.0,2048000.0,40
2024-10-10,4,0,0,,22.9,20.1,1,115,2048000.0,2459000.0,1995000.0,39
2024-10-11,5,0,0,,27.2,5.8,1,115,1995000.0,2359000.0,2793000.0,55
2024-10-12,6,1,0,,26.6,12.2,1,115,2793000.0,2698000.0,3003000.0,60
2024-10-13,7,1,0,,25.8,27.2,1,115,3003000.0,2052000.0,2655000.0,53
2024-10-14,1,0,0,,24.3,54.2,1,115,2655000.0,1718000.0,1639000.0,32
2024-10-15,2,0,0,,28.8,41.7,1,115,1639000.0,1676000.0,1498000.0,29
2024-10-16,3,0,0,,24.0,0.0,1,115,1498000.0,2048000.0,2346000.0,46
2024-10-17,4,0,0,,27.0,46.2,1,115,2346000.0,1995000.0,1699000.0,33
2024-10-18,5,0,0,,24.2,9.2,1,115,1699000.0,2793000.0,2829000.0,56
2024-10-19,6,1,0,,25.1,27.9,1,115,2829000.0,3003000.0,2709000.0,54
2024-10-20,7,1,1,Ngày Phụ nữ VN,23.5,1.5,1,115,2709000.0,2655000.0,3519000.0,70
2024-10-21,1,0,0,,27.9,14.6,1,115,3519000.0,1639000.0,1866000.0,37
2024-10-22,2,0,0,,26.3,0.0,1,115,1866000.0,1498000.0,2517000.0,50
2024-10-23,3,0,0,,26.6,0.0,1,115,2517000.0,2346000.0,2183000.0,43
2024-10-24,4,0,0,,29.2,43.9,1,115,2183000.0,1699000.0,1645000.0,32
2024-10-25,5,0,0,,27.6,17.8,1,115,1645000.0,2829000.0,2468000.0,49
2024-10-26,6,1,0,,26.0,14.9,1,115,2468000.0,2709000.0,2567000.0,51
2024-10-27,7,1,0,,25.1,11.9,1,115,2567000.0,3519000.0,2546000.0,50
2024-10-28,1,0,0,,26.1,13.1,1,115,2546000.0,1866000.0,1939000.0,38
2024-10-29,2,0,0,,24.1,5.1,1,115,1939000.0,2517000.0,2054000.0,41
2024-10-30,3,0,0,,27.3,17.2,1,115,2054000.0,2183000.0,2431000.0,48
2024-10-31,4,0,0,,25.6,16.7,1,115,2431000.0,1645000.0,2111000.0,42
2024-11-01,5,0,0,,22.3,0.0,1,115,2111000.0,2468000.0,2530000.0,50
2024-11-02,6,1,0,,21.4,53.4,1,115,2530000.0,2567000.0,2172000.0,43
2024-11-03,7,1,0,,22.4,9.5,1,115,2172000.0,2546000.0,3149000.0,62
2024-11-04,1,0,0,,24.9,10.4,1,115,3149000.0,1939000.0,2170000.0,43
2024-11-05,2,0,0,,23.8,5.2,1,115,2170000.0,2054000.0,2249000.0,44
2024-11-06,3,0,0,,26.6,10.0,1,115,2249000.0,2431000.0,2580000.0,51
2024-11-07,4,0,0,,24.2,2.8,1,115,2580000.0,2111000.0,2698000.0,53
2024-11-08,5,0,0,,17.9,0.0,1,115,2698000.0,2530000.0,2529000.0,50
2024-11-09,6,1,0,,21.8,5.8,1,115,2529000.0,2172000.0,3841000.0,76
2024-11-10,7,1,0,,25.2,0.0,1,115,3841000.0,3149000.0,3538000.0,70
2024-11-11,1,0,0,,22.5,0.0,2,115,3538000.0,2170000.0,2884000.0,57
2024-11-12,2,0,0,,25.5,20.8,1,115,2884000.0,2249000.0,2215000.0,44
2024-11-13,3,0,0,,25.7,13.7,1,115,2215000.0,2580000.0,2006000.0,40
2024-11-14,4,0,0,,24.4,12.3,1,115,2006000.0,2698000.0,2168000.0,43
2024-11-15,5,0,0,,27.3,0.0,1,115,2168000.0,2529000.0,2770000.0,55
2024-11-16,6,1,0,,21.8,25.4,1,115,2770000.0,3841000.0,3025000.0,60
2024-11-17,7,1,0,,24.6,10.2,1,115,3025000.0,3538000.0,2676000.0,53
2024-11-18,1,0,0,,21.1,10.4,1,115,2676000.0,2884000.0,1968000.0,39
2024-11-19,2,0,0,,25.0,1.8,1,115,1968000.0,2215000.0,2520000.0,50
2024-11-20,3,0,1,Ngày Nhà giáo VN,21.2,5.6,1,115,2520000.0,2006000.0,2638000.0,52
2024-11-21,4,0,0,,19.8,0.0,1,115,2638000.0,2168000.0,2488000.0,49
2024-11-22,5,0,0,,26.6,0.0,1,115,2488000.0,2770000.0,2895000.0,57
2024-11-23,6,1,0,,23.6,0.0,1,115,2895000.0,3025000.0,3366000.0,67
2024-11-24,7,1,0,,25.0,0.0,1,115,3366000.0,2676000.0,3877000.0,77
2024-11-25,1,0,0,,20.8,38.2,1,115,3877000.0,1968000.0,1746000.0,34
2024-11-26,2,0,0,,18.3,7.3,1,115,1746000.0,2520000.0,2003000.0,40
2024-11-27,3,0,0,,27.8,25.6,1,115,2003000.0,2638000.0,2434000.0,48
2024-11-28,4,0,0,,23.6,0.0,1,115,2434000.0,2488000.0,2737000.0,54
2024-11-29,5,0,0,,27.0,28.9,1,115,2737000.0,2895000.0,2677000.0,53
2024-11-30,6,1,0,,22.7,13.5,1,115,2677000.0,3366000.0,3116000.0,62
2024-12-01,7,1,0,,23.4,0.0,1,115,3116000.0,3877000.0,4598000.0,91
2024-12-02,1,0,0,,18.4,0.0,1,115,4598000.0,1746000.0,2608000.0,52
2024-12-03,2,0,0,,28.1,3.8,1,115,2608000.0,2003000.0,3214000.0,64
2024-12-04,3,0,0,,20.0,22.9,1,115,3214000.0,2434000.0,3188000.0,63
2024-12-05,4,0,0,,22.4,0.0,1,115,3188000.0,2737000.0,3494000.0,69
2024-12-06,5,0,0,,23.3,0.0,1,115,3494000.0,2677000.0,3257000.0,65
2024-12-07,6,1,0,,25.7,0.0,1,115,3257000.0,3116000.0,4500000.0,90
2024-12-08,7,1,0,,24.2,0.0,1,115,4500000.0,4598000.0,4169000.0,83
2024-12-09,1,0,0,,20.3,23.9,1,115,4169000.0,2608000.0,2821000.0,56
2024-12-10,2,0,0,,25.0,0.0,1,115,2821000.0,3214000.0,2853000.0,57
2024-12-11,3,0,0,,23.2,17.2,1,115,2853000.0,3188000.0,2992000.0,59
2024-12-12,4,0,0,,22.9,10.8,1,115,2992000.0,3494000.0,3224000.0,64
2024-12-13,5,0,0,,25.6,0.0,1,115,3224000.0,3257000.0,3872000.0,77
2024-12-14,6,1,0,,24.4,0.0,1,115,3872000.0,4500000.0,4580000.0,91
2024-12-15,7,1,0,,20.1,0.0,1,115,4580000.0,4169000.0,4319000.0,86
2024-12-16,1,0,0,,24.6,5.0,1,115,4319000.0,2821000.0,2904000.0,58
2024-12-17,2,0,0,,20.5,0.0,1,115,2904000.0,2853000.0,2997000.0,59
2024-12-18,3,0,0,,25.3,2.9,1,115,2997000.0,2992000.0,3285000.0,65
2024-12-19,4,0,0,,20.8,0.0,1,115,3285000.0,3224000.0,3140000.0,62
2024-12-20,5,0,0,,20.7,6.0,1,115,3140000.0,3872000.0,4239000.0,84
2024-12-21,6,1,0,,20.1,0.8,1,115,4239000.0,4580000.0,4896000.0,97
2024-12-22,7,1,0,,20.8,12.8,1,115,4896000.0,4319000.0,3835000.0,76
2024-12-23,1,0,0,,25.1,7.0,1,115,3835000.0,2904000.0,3020000.0,60
2024-12-24,2,0,1,Giáng sinh Eve,21.7,0.0,1,115,3020000.0,2997000.0,4626000.0,92
2024-12-25,3,0,1,Giáng sinh,20.2,5.6,1,115,4626000.0,3285000.0,4362000.0,87
2024-12-26,4,0,0,,23.4,19.6,1,115,4362000.0,3140000.0,3288000.0,65
2024-12-27,5,0,0,,26.0,8.3,1,115,3288000.0,4239000.0,3431000.0,68
2024-12-28,6,1,0,,21.0,1.3,1,115,3431000.0,4896000.0,4410000.0,88
2024-12-29,7,1,0,,17.0,5.9,1,115,4410000.0,3835000.0,4226000.0,84
2024-12-30,1,0,0,,23.1,0.0,1,115,4226000.0,3020000.0,3268000.0,65
2024-12-31,2,0,1,Tất niên Dương lịch,26.4,0.0,1,115,3268000.0,4626000.0,4884000.0,97
2025-01-01,3,0,1,Tết Dương lịch,26.8,0.0,1,115,4884000.0,4362000.0,4153000.0,83
2025-01-02,4,0,0,,23.5,6.0,1,115,4153000.0,3288000.0,2904000.0,58
2025-01-03,5,0,0,,23.4,22.0,1,115,2904000.0,3431000.0,2970000.0,59
2025-01-04,6,1,0,,24.6,0.0,1,115,2970000.0,4410000.0,4193000.0,83
2025-01-05,7,1,0,,28.1,0.0,1,115,4193000.0,4226000.0,3584000.0,71
2025-01-06,1,0,0,,23.4,5.4,1,115,3584000.0,3268000.0,2777000.0,55
2025-01-07,2,0,0,,22.0,0.0,1,115,2777000.0,4884000.0,2516000.0,50
2025-01-08,3,0,0,,23.2,0.0,1,115,2516000.0,4153000.0,2637000.0,52
2025-01-09,4,0,0,,23.5,2.5,1,115,2637000.0,2904000.0,2896000.0,57
2025-01-10,5,0,0,,27.6,6.8,1,115,2896000.0,2970000.0,3056000.0,61
2025-01-11,6,1,0,,21.5,1.6,1,115,3056000.0,4193000.0,3732000.0,74
2025-01-12,7,1,0,,23.2,0.0,1,115,3732000.0,3584000.0,3662000.0,73
2025-01-13,1,0,0,,22.7,0.0,1,115,3662000.0,2777000.0,2508000.0,50
2025-01-14,2,0,0,,22.9,4.2,1,115,2508000.0,2516000.0,2725000.0,54
2025-01-15,3,0,0,,21.1,2.4,1,115,2725000.0,2637000.0,2671000.0,53
2025-01-16,4,0,0,,20.1,1.2,1,115,2671000.0,2896000.0,2687000.0,53
2025-01-17,5,0,0,,22.3,0.6,1,115,2687000.0,3056000.0,3527000.0,70
2025-01-18,6,1,0,,22.9,0.0,1,115,3527000.0,3732000.0,4225000.0,84
2025-01-19,7,1,0,,21.1,0.0,1,115,4225000.0,3662000.0,3787000.0,75
2025-01-20,1,0,0,,22.0,4.3,1,115,3787000.0,2508000.0,2996000.0,59
2025-01-21,2,0,0,,22.8,3.3,1,115,2996000.0,2725000.0,2751000.0,55
2025-01-22,3,0,0,,23.9,0.0,1,115,2751000.0,2671000.0,3017000.0,60
2025-01-23,4,0,0,,21.7,0.0,1,115,3017000.0,2687000.0,3218000.0,64
2025-01-24,5,0,0,,26.3,1.5,1,115,3218000.0,3527000.0,3451000.0,69
2025-01-25,6,1,1,Trước Tết 26 Chạp,26.4,0.0,1,115,3451000.0,4225000.0,6689000.0,133
2025-01-26,7,1,1,Trước Tết 27 Chạp,23.3,6.3,1,115,6689000.0,3787000.0,6727000.0,134
2025-01-27,1,0,1,Trước Tết 28 Chạp,19.1,0.0,1,115,6727000.0,2996000.0,4080000.0,81
2025-01-28,2,0,1,Mùng 1 Tết,25.3,7.9,1,115,4080000.0,2751000.0,4829000.0,96
2025-01-29,3,0,1,Mùng 2 Tết,23.9,5.6,1,115,4829000.0,3017000.0,5867000.0,117
2025-01-30,4,0,1,Mùng 3 Tết,20.3,2.9,1,115,5867000.0,3218000.0,6674000.0,133
2025-01-31,5,0,1,Mùng 4 Tết,17.7,4.3,1,115,6674000.0,3451000.0,5405000.0,108
2025-02-01,6,1,1,Mùng 5 Tết,22.4,0.0,1,115,5405000.0,6689000.0,7648000.0,152
2025-02-02,7,1,1,Mùng 6 Tết,24.1,0.0,1,115,7648000.0,6727000.0,6326000.0,126
2025-02-03,1,0,1,Mùng 7 Tết,23.3,0.0,1,115,6326000.0,4080000.0,3510000.0,70
2025-02-04,2,0,0,,22.9,0.0,1,115,3510000.0,4829000.0,3463000.0,69
2025-02-05,3,0,0,,21.7,0.0,1,115,3463000.0,5867000.0,3535000.0,70
2025-02-06,4,0,0,,22.2,0.0,1,115,3535000.0,6674000.0,3339000.0,66
2025-02-07,5,0,0,,20.6,0.0,1,115,3339000.0,5405000.0,3375000.0,67
2025-02-08,6,1,0,,21.9,5.6,1,115,3375000.0,7648000.0,4716000.0,94
2025-02-09,7,1,0,,24.9,0.0,1,115,4716000.0,6326000.0,4311000.0,86
2025-02-10,1,0,0,,20.6,0.9,1,115,4311000.0,3510000.0,2810000.0,56
2025-02-11,2,0,0,,21.0,0.0,1,115,2810000.0,3463000.0,3025000.0,60
2025-02-12,3,0,1,Rằm Tháng Giêng,23.8,0.0,1,115,3025000.0,3535000.0,3599000.0,71
2025-02-13,4,0,0,,21.5,0.0,1,115,3599000.0,3339000.0,3623000.0,72
2025-02-14,5,0,1,Valentine,23.8,0.0,1,115,3623000.0,3375000.0,5522000.0,110
2025-02-15,6,1,0,,23.7,0.0,1,115,5522000.0,4716000.0,5498000.0,109
2025-02-16,7,1,0,,21.7,0.0,1,115,5498000.0,4311000.0,4329000.0,86
2025-02-17,1,0,0,,23.8,4.0,1,115,4329000.0,2810000.0,3064000.0,61
2025-02-18,2,0,0,,27.5,0.0,1,115,3064000.0,3025000.0,2949000.0,58
2025-02-19,3,0,0,,22.7,0.0,1,115,2949000.0,3599000.0,3261000.0,65
2025-02-20,4,0,0,,21.2,0.0,1,115,3261000.0,3623000.0,3840000.0,76
2025-02-21,5,0,0,,26.6,0.0,1,115,3840000.0,5522000.0,3600000.0,72
2025-02-22,6,1,0,,23.4,0.0,1,115,3600000.0,5498000.0,3996000.0,79
2025-02-23,7,1,0,,24.6,0.0,1,115,3996000.0,4329000.0,4298000.0,85
2025-02-24,1,0,0,,25.2,0.6,1,115,4298000.0,3064000.0,3138000.0,62
2025-02-25,2,0,0,,23.1,0.0,1,115,3138000.0,2949000.0,3337000.0,66
2025-02-26,3,0,0,,30.1,0.0,1,115,3337000.0,3261000.0,3313000.0,66
2025-02-27,4,0,0,,16.8,0.0,1,115,3313000.0,3840000.0,3055000.0,61
2025-02-28,5,0,0,,20.4,0.0,1,115,3055000.0,3600000.0,3453000.0,69
2025-03-01,6,1,0,,28.4,0.0,1,115,3453000.0,3996000.0,4530000.0,90
2025-03-02,7,1,0,,25.1,0.0,1,115,4530000.0,4298000.0,3973000.0,79
2025-03-03,1,0,0,,26.2,0.5,1,115,3973000.0,3138000.0,3177000.0,63
2025-03-04,2,0,0,,26.6,1.7,1,115,3177000.0,3337000.0,3434000.0,68
2025-03-05,3,0,0,,24.5,0.0,1,115,3434000.0,3313000.0,3654000.0,73
2025-03-06,4,0,0,,26.5,0.0,1,115,3654000.0,3055000.0,3426000.0,68
2025-03-07,5,0,0,,25.8,0.0,1,115,3426000.0,3453000.0,3795000.0,75
2025-03-08,6,1,1,Quốc tế Phụ nữ,22.7,0.0,1,115,3795000.0,4530000.0,6143000.0,122
2025-03-09,7,1,0,,23.1,0.0,1,115,6143000.0,3973000.0,4625000.0,92
2025-03-10,1,0,0,,23.9,0.0,1,115,4625000.0,3177000.0,3311000.0,66
2025-03-11,2,0,0,,26.3,0.0,1,115,3311000.0,3434000.0,3293000.0,65
2025-03-12,3,0,0,,22.6,0.0,1,115,3293000.0,3654000.0,3467000.0,69
2025-03-13,4,0,0,,22.9,0.0,1,115,3467000.0,3426000.0,3131000.0,62
2025-03-14,5,0,0,,24.2,0.0,1,115,3131000.0,3795000.0,3786000.0,75
2025-03-15,6,1,0,,24.7,0.0,1,115,3786000.0,6143000.0,4112000.0,82
2025-03-16,7,1,0,,25.9,0.0,1,115,4112000.0,4625000.0,4997000.0,99
2025-03-17,1,0,0,,24.9,0.0,1,115,4997000.0,3311000.0,3080000.0,61
2025-03-18,2,0,0,,26.1,0.0,1,115,3080000.0,3293000.0,3176000.0,63
2025-03-19,3,0,0,,29.5,0.0,1,115,3176000.0,3467000.0,3658000.0,73
2025-03-20,4,0,0,,32.7,0.0,1,115,3658000.0,3131000.0,3606000.0,72
2025-03-21,5,0,0,,23.1,0.0,1,115,3606000.0,3786000.0,3993000.0,79
2025-03-22,6,1,0,,21.4,0.0,1,115,3993000.0,4112000.0,4218000.0,84
2025-03-23,7,1,0,,23.8,0.0,1,115,4218000.0,4997000.0,4204000.0,84
2025-03-24,1,0,0,,26.0,0.0,1,115,4204000.0,3080000.0,3069000.0,61
2025-03-25,2,0,0,,25.2,0.0,1,115,3069000.0,3176000.0,3617000.0,72
2025-03-26,3,0,0,,26.3,0.0,1,115,3617000.0,3658000.0,3261000.0,65
2025-03-27,4,0,0,,23.1,0.0,1,115,3261000.0,3606000.0,3599000.0,71
2025-03-28,5,0,0,,26.2,0.0,1,115,3599000.0,3993000.0,3821000.0,76
2025-03-29,6,1,0,,27.0,0.0,1,115,3821000.0,4218000.0,4899000.0,97
2025-03-30,7,1,0,,24.8,0.0,1,115,4899000.0,4204000.0,4925000.0,98
2025-03-31,1,0,0,,21.4,0.0,1,115,4925000.0,3069000.0,3297000.0,65
2025-04-01,2,0,0,,32.5,0.0,1,115,3297000.0,3617000.0,4202000.0,84
2025-04-02,3,0,0,,23.4,0.0,1,115,4202000.0,3261000.0,3579000.0,71
2025-04-03,4,0,0,,31.1,0.0,1,115,3579000.0,3599000.0,4173000.0,83
2025-04-04,5,0,0,,27.9,0.0,1,115,4173000.0,3821000.0,4734000.0,94
2025-04-05,6,1,0,,27.9,0.0,1,115,4734000.0,4899000.0,5073000.0,101
2025-04-06,7,1,0,,24.1,2.3,1,115,5073000.0,4925000.0,4716000.0,94
2025-04-07,1,0,1,Giỗ Tổ Hùng Vương,28.3,0.0,1,115,4716000.0,3297000.0,4213000.0,84
2025-04-08,2,0,0,,26.5,0.0,1,115,4213000.0,4202000.0,4062000.0,81
2025-04-09,3,0,0,,29.9,6.3,1,115,4062000.0,3579000.0,3440000.0,68
2025-04-10,4,0,0,,27.1,0.0,1,115,3440000.0,4173000.0,3695000.0,73
2025-04-11,5,0,0,,28.3,0.0,1,115,3695000.0,4734000.0,3865000.0,77
2025-04-12,6,1,0,,26.3,0.0,1,115,3865000.0,5073000.0,5342000.0,106
2025-04-13,7,1,0,,29.4,0.0,1,115,5342000.0,4716000.0,5063000.0,101
2025-04-14,1,0,0,,31.2,0.0,1,115,5063000.0,4213000.0,3495000.0,69
2025-04-15,2,0,0,,28.4,0.0,1,115,3495000.0,4062000.0,3552000.0,71
2025-04-16,3,0,0,,28.1,0.0,1,115,3552000.0,3440000.0,3524000.0,70
2025-04-17,4,0,0,,25.4,0.0,1,115,3524000.0,3695000.0,3750000.0,75
2025-04-18,5,0,0,,28.6,4.4,1,115,3750000.0,3865000.0,4425000.0,88
2025-04-19,6,1,0,,28.6,0.0,1,115,4425000.0,5342000.0,5773000.0,115
2025-04-20,7,1,0,,27.4,0.0,1,115,5773000.0,5063000.0,4535000.0,90
2025-04-21,1,0,0,,26.6,0.0,1,115,4535000.0,3495000.0,3717000.0,74
2025-04-22,2,0,0,,27.2,3.7,1,115,3717000.0,3552000.0,3372000.0,67
2025-04-23,3,0,0,,27.4,0.0,1,115,3372000.0,3524000.0,3529000.0,70
2025-04-24,4,0,0,,33.0,0.0,1,115,3529000.0,3750000.0,4245000.0,84
2025-04-25,5,0,0,,28.2,0.0,1,115,4245000.0,4425000.0,4701000.0,94
2025-04-26,6,1,0,,28.6,0.0,1,115,4701000.0,5773000.0,6174000.0,123
2025-04-27,7,1,0,,27.2,0.0,1,115,6174000.0,4535000.0,5231000.0,104
2025-04-28,1,0,1,Nghỉ bù 30/4,31.3,0.0,1,115,5231000.0,3717000.0,4868000.0,97
2025-04-29,2,0,0,,27.2,0.0,1,115,4868000.0,3372000.0,3644000.0,72
2025-04-30,3,0,1,Giải phóng miền Nam,29.0,0.0,1,115,3644000.0,3529000.0,5363000.0,107
2025-05-01,4,0,1,Quốc tế Lao động,31.9,0.0,1,115,5363000.0,4245000.0,5856000.0,117
2025-05-02,5,0,1,Nghỉ bù 1/5,29.9,0.0,1,115,5856000.0,4701000.0,6632000.0,132
2025-05-03,6,1,0,,33.7,5.3,1,115,6632000.0,6174000.0,6858000.0,137
2025-05-04,7,1,0,,30.0,0.0,1,115,6858000.0,5231000.0,6033000.0,120
2025-05-05,1,0,0,,29.3,0.0,1,115,6033000.0,4868000.0,4260000.0,85
2025-05-06,2,0,0,,31.4,0.0,1,115,4260000.0,3644000.0,3390000.0,67
2025-05-07,3,0,0,,28.7,0.0,1,115,3390000.0,5363000.0,4188000.0,83
2025-05-08,4,0,0,,32.7,5.7,1,115,4188000.0,5856000.0,4837000.0,96
2025-05-09,5,0,0,,32.8,0.0,1,115,4837000.0,6632000.0,4800000.0,96
2025-05-10,6,1,0,,31.2,5.8,1,115,4800000.0,6858000.0,5807000.0,116
2025-05-11,7,1,0,,31.2,0.0,1,115,5807000.0,6033000.0,5626000.0,112
2025-05-12,1,0,0,,31.9,0.0,1,115,5626000.0,4260000.0,3943000.0,78
2025-05-13,2,0,0,,27.9,9.0,1,115,3943000.0,3390000.0,3987000.0,79
2025-05-14,3,0,0,,31.5,0.0,1,115,3987000.0,4188000.0,4070000.0,81
2025-05-15,4,0,0,,30.7,0.0,1,115,4070000.0,4837000.0,4353000.0,87
2025-05-16,5,0,0,,30.7,0.0,1,115,4353000.0,4800000.0,5018000.0,100
2025-05-17,6,1,0,,30.1,4.4,1,115,5018000.0,5807000.0,5909000.0,118
2025-05-18,7,1,0,,30.4,0.0,1,115,5909000.0,5626000.0,4870000.0,97
2025-05-19,1,0,0,,28.8,0.0,1,115,4870000.0,3943000.0,3830000.0,76
2025-05-20,2,0,0,,30.9,0.0,1,115,3830000.0,3987000.0,3564000.0,71
2025-05-21,3,0,0,,30.0,5.6,1,115,3564000.0,4070000.0,4340000.0,86
2025-05-22,4,0,0,,31.4,0.0,1,115,4340000.0,4353000.0,4672000.0,93
2025-05-23,5,0,0,,28.9,0.0,1,115,4672000.0,5018000.0,4586000.0,91
2025-05-24,6,1,0,,31.5,0.0,1,115,4586000.0,5909000.0,5917000.0,118
2025-05-25,7,1,0,,29.1,0.0,1,115,5917000.0,4870000.0,6079000.0,121
2025-05-26,1,0,0,,31.9,4.4,1,115,6079000.0,3830000.0,3788000.0,75
2025-05-27,2,0,0,,29.2,4.5,1,115,3788000.0,3564000.0,3797000.0,75
2025-05-28,3,0,0,,30.9,0.0,1,115,3797000.0,4340000.0,3975000.0,79
2025-05-29,4,0,0,,32.5,6.5,1,115,3975000.0,4672000.0,4556000.0,91
2025-05-30,5,0,0,,32.0,0.0,1,115,4556000.0,4586000.0,4346000.0,86
2025-05-31,6,1,0,,32.3,0.0,1,115,4346000.0,5917000.0,6009000.0,120
2025-06-01,7,1,1,Quốc tế Thiếu nhi,30.9,1.2,1,115,6009000.0,6079000.0,6984000.0,139
2025-06-02,1,0,0,,32.1,0.0,1,115,6984000.0,3788000.0,4712000.0,94
2025-06-03,2,0,0,,31.3,3.5,1,115,4712000.0,3797000.0,4249000.0,84
2025-06-04,3,0,0,,32.3,0.0,1,115,4249000.0,3975000.0,4628000.0,92
2025-06-05,4,0,0,,31.8,0.0,1,115,4628000.0,4556000.0,4467000.0,89
2025-06-06,5,0,0,,32.4,0.0,1,115,4467000.0,4346000.0,4829000.0,96
2025-06-07,6,1,0,,31.1,0.0,1,115,4829000.0,6009000.0,5962000.0,119
2025-06-08,7,1,0,,31.0,0.0,1,115,5962000.0,6984000.0,6070000.0,121
2025-06-09,1,0,0,,29.8,0.0,1,115,6070000.0,4712000.0,4342000.0,86
2025-06-10,2,0,0,,30.3,1.3,1,115,4342000.0,4249000.0,3559000.0,71
2025-06-11,3,0,0,,30.6,0.0,1,115,3559000.0,4628000.0,4009000.0,80
2025-06-12,4,0,0,,31.8,0.0,1,115,4009000.0,4467000.0,4915000.0,98
2025-06-13,5,0,0,,32.2,0.0,1,115,4915000.0,4829000.0,5879000.0,117
2025-06-14,6,1,0,,32.4,5.7,1,115,5879000.0,5962000.0,6248000.0,124
2025-06-15,7,1,0,,30.8,0.0,1,115,6248000.0,6070000.0,5928000.0,118
2025-06-16,1,0,0,,30.0,0.0,1,115,5928000.0,4342000.0,4205000.0,84
2025-06-17,2,0,0,,31.3,0.0,1,115,4205000.0,3559000.0,4276000.0,85
2025-06-18,3,0,0,,33.3,0.0,1,115,4276000.0,4009000.0,5080000.0,101
2025-06-19,4,0,0,,31.3,5.1,1,115,5080000.0,4915000.0,4370000.0,87
2025-06-20,5,0,0,,30.7,0.0,1,115,4370000.0,5879000.0,5037000.0,100
2025-06-21,6,1,0,,30.5,1.7,1,115,5037000.0,6248000.0,5801000.0,116
2025-06-22,7,1,0,,30.8,0.0,1,115,5801000.0,5928000.0,5787000.0,115
2025-06-23,1,0,0,,33.8,0.0,1,115,5787000.0,4205000.0,4444000.0,88
2025-06-24,2,0,0,,28.8,0.0,1,115,4444000.0,4276000.0,3729000.0,74
2025-06-25,3,0,0,,30.4,10.7,1,115,3729000.0,5080000.0,3992000.0,79
2025-06-26,4,0,0,,29.3,0.0,1,115,3992000.0,4370000.0,4121000.0,82
2025-06-27,5,0,0,,33.5,0.0,1,115,4121000.0,5037000.0,5347000.0,106
2025-06-28,6,1,0,,33.1,0.0,1,115,5347000.0,5801000.0,7032000.0,140
2025-06-29,7,1,0,,34.1,10.9,1,115,7032000.0,5787000.0,5454000.0,109
2025-06-30,1,0,0,,31.4,1.6,1,115,5454000.0,4444000.0,3888000.0,77
2025-07-01,2,0,0,,32.3,0.0,1,115,3888000.0,3729000.0,4605000.0,92
2025-07-02,3,0,0,,33.4,5.0,1,115,4605000.0,3992000.0,4522000.0,90
2025-07-03,4,0,0,,30.7,0.0,1,115,4522000.0,4121000.0,3876000.0,77
2025-07-04,5,0,0,,32.6,0.0,1,115,3876000.0,5347000.0,4820000.0,96
2025-07-05,6,1,0,,30.4,0.0,1,115,4820000.0,7032000.0,6337000.0,126
2025-07-06,7,1,0,,32.4,0.0,1,115,6337000.0,5454000.0,6472000.0,129
2025-07-07,1,0,0,,32.7,1.9,2,115,6472000.0,3888000.0,4558000.0,91
2025-07-08,2,0,0,,28.6,0.0,1,115,4558000.0,4605000.0,4261000.0,85
2025-07-09,3,0,0,,30.8,2.1,1,115,4261000.0,4522000.0,3912000.0,78
2025-07-10,4,0,0,,30.9,10.4,1,115,3912000.0,3876000.0,3483000.0,69
2025-07-11,5,0,0,,30.2,2.8,1,115,3483000.0,4820000.0,4444000.0,88
2025-07-12,6,1,0,,31.5,0.0,1,115,4444000.0,6337000.0,5966000.0,119
2025-07-13,7,1,0,,31.7,0.0,1,115,5966000.0,6472000.0,5389000.0,107
2025-07-14,1,0,0,,28.2,0.0,1,115,5389000.0,4558000.0,3740000.0,74
2025-07-15,2,0,0,,32.7,0.0,1,115,3740000.0,4261000.0,4151000.0,83
2025-07-16,3,0,0,,30.5,14.6,1,115,4151000.0,3912000.0,3796000.0,75
2025-07-17,4,0,0,,31.3,2.5,1,115,3796000.0,3483000.0,4171000.0,83
2025-07-18,5,0,0,,31.5,6.3,1,115,4171000.0,4444000.0,4946000.0,98
2025-07-19,6,1,0,,28.3,0.0,1,115,4946000.0,5966000.0,6076000.0,121
2025-07-20,7,1,0,,30.5,0.0,1,115,6076000.0,5389000.0,6354000.0,127
2025-07-21,1,0,0,,28.8,4.3,1,115,6354000.0,3740000.0,3890000.0,77
2025-07-22,2,0,0,,32.8,0.0,1,115,3890000.0,4151000.0,4583000.0,91
2025-07-23,3,0,0,,30.6,3.5,1,115,4583000.0,3796000.0,4200000.0,84
2025-07-24,4,0,0,,32.0,0.0,1,115,4200000.0,4171000.0,4277000.0,85
2025-07-25,5,0,0,,30.3,0.0,1,115,4277000.0,4946000.0,4653000.0,93
2025-07-26,6,1,0,,30.9,0.0,1,115,4653000.0,6076000.0,5123000.0,102
2025-07-27,7,1,0,,29.6,0.0,1,115,5123000.0,6354000.0,6385000.0,127
2025-07-28,1,0,0,,31.7,0.0,1,115,6385000.0,3890000.0,4164000.0,83
2025-07-29,2,0,0,,30.9,4.3,1,115,4164000.0,4583000.0,4372000.0,87
2025-07-30,3,0,0,,32.1,0.0,1,115,4372000.0,4200000.0,4736000.0,94
2025-07-31,4,0,0,,31.4,0.0,1,115,4736000.0,4277000.0,4172000.0,83
2025-08-01,5,0,0,,32.7,10.9,1,115,4172000.0,4653000.0,4209000.0,84
2025-08-02,6,1,0,,31.1,0.0,1,115,4209000.0,5123000.0,5233000.0,104
2025-08-03,7,1,0,,30.0,1.8,1,115,5233000.0,6385000.0,4525000.0,90
2025-08-04,1,0,0,,32.9,3.8,1,115,4525000.0,4164000.0,3800000.0,76
2025-08-05,2,0,0,,33.4,0.0,1,115,3800000.0,4372000.0,4028000.0,80
2025-08-06,3,0,0,,30.0,12.5,1,115,4028000.0,4736000.0,3213000.0,64
2025-08-07,4,0,0,,30.5,5.4,1,115,3213000.0,4172000.0,3823000.0,76
2025-08-08,5,0,0,,31.0,0.0,2,115,3823000.0,4209000.0,4263000.0,85
2025-08-09,6,1,0,,32.1,0.0,1,115,4263000.0,5233000.0,5228000.0,104
2025-08-10,7,1,0,,30.1,3.8,1,115,5228000.0,4525000.0,4999000.0,99
2025-08-11,1,0,0,,31.0,0.0,1,115,4999000.0,3800000.0,3359000.0,67
2025-08-12,2,0,0,,32.4,6.0,1,115,3359000.0,4028000.0,4147000.0,82
2025-08-13,3,0,0,,33.4,0.0,1,115,4147000.0,3213000.0,3696000.0,73
2025-08-14,4,0,0,,32.0,0.0,1,115,3696000.0,3823000.0,4546000.0,90
2025-08-15,5,0,0,,28.8,0.0,1,115,4546000.0,4263000.0,4913000.0,98
2025-08-16,6,1,0,,30.2,0.0,1,115,4913000.0,5228000.0,5586000.0,111
2025-08-17,7,1,0,,33.3,0.0,1,115,5586000.0,4999000.0,5436000.0,108
2025-08-18,1,0,0,,27.8,0.0,1,115,5436000.0,3359000.0,3966000.0,79
2025-08-19,2,0,0,,34.3,0.0,1,115,3966000.0,4147000.0,4136000.0,82
2025-08-20,3,0,0,,29.9,0.0,1,115,4136000.0,3696000.0,3552000.0,71
2025-08-21,4,0,0,,31.6,2.3,1,115,3552000.0,4546000.0,3795000.0,75
2025-08-22,5,0,0,,31.8,0.0,1,115,3795000.0,4913000.0,3852000.0,77
2025-08-23,6,1,0,,30.0,0.0,1,115,3852000.0,5586000.0,4881000.0,97
2025-08-24,7,1,0,,29.1,0.0,1,115,4881000.0,5436000.0,5412000.0,108
2025-08-25,1,0,0,,29.0,5.8,1,115,5412000.0,3966000.0,3926000.0,78
2025-08-26,2,0,0,,32.9,0.0,1,115,3926000.0,4136000.0,4157000.0,83
2025-08-27,3,0,0,,31.2,6.7,1,115,4157000.0,3552000.0,3876000.0,77
2025-08-28,4,0,0,,31.8,0.0,1,115,3876000.0,3795000.0,3734000.0,74
2025-08-29,5,0,0,,33.8,11.1,1,115,3734000.0,3852000.0,4288000.0,85
2025-08-30,6,1,0,,34.6,0.0,1,115,4288000.0,4881000.0,5581000.0,111
2025-08-31,7,1,0,,34.0,0.0,1,115,5581000.0,5412000.0,5753000.0,115
2025-09-01,1,0,0,,29.2,16.7,1,115,5753000.0,3926000.0,2796000.0,55
2025-09-02,2,0,1,Quốc khánh,25.6,35.4,1,115,2796000.0,4157000.0,2891000.0,57
2025-09-03,3,0,0,,23.7,0.0,1,115,2891000.0,3876000.0,2710000.0,54
2025-09-04,4,0,0,,28.4,4.5,1,115,2710000.0,3734000.0,2846000.0,56
2025-09-05,5,0,0,,26.3,1.6,1,115,2846000.0,4288000.0,3618000.0,72
2025-09-06,6,1,0,,25.9,21.5,1,115,3618000.0,5581000.0,3905000.0,78
2025-09-07,7,1,0,,28.0,41.2,1,115,3905000.0,5753000.0,2639000.0,52
2025-09-08,1,0,0,,31.5,0.0,1,115,2639000.0,2796000.0,2546000.0,50
2025-09-09,2,0,0,,29.0,4.7,1,115,2546000.0,2891000.0,3015000.0,60
2025-09-10,3,0,0,,28.3,12.5,1,115,3015000.0,2710000.0,2502000.0,50
2025-09-11,4,0,0,,26.0,4.3,1,115,2502000.0,2846000.0,2899000.0,57
2025-09-12,5,0,0,,27.7,3.4,1,115,2899000.0,3618000.0,2874000.0,57
2025-09-13,6,1,0,,28.1,0.0,1,115,2874000.0,3905000.0,3887000.0,77
2025-09-14,7,1,0,,27.3,5.5,1,115,3887000.0,2639000.0,4082000.0,81
2025-09-15,1,0,0,,29.2,29.8,1,115,4082000.0,2546000.0,2463000.0,49
2025-09-16,2,0,0,,26.3,10.9,1,115,2463000.0,3015000.0,2263000.0,45
2025-09-17,3,0,0,,28.8,0.0,1,115,2263000.0,2502000.0,2718000.0,54
2025-09-18,4,0,0,,28.4,0.0,1,115,2718000.0,2899000.0,3005000.0,60
2025-09-19,5,0,0,,28.5,13.2,1,115,3005000.0,2874000.0,3126000.0,62
2025-09-20,6,1,0,,24.8,7.6,1,115,3126000.0,3887000.0,4025000.0,80
2025-09-21,7,1,0,,31.0,3.1,1,115,4025000.0,4082000.0,3783000.0,75
2025-09-22,1,0,0,,29.0,14.0,1,115,3783000.0,2463000.0,2569000.0,51
2025-09-23,2,0,0,,26.8,4.4,1,115,2569000.0,2263000.0,2861000.0,57
2025-09-24,3,0,0,,27.4,8.0,1,115,2861000.0,2718000.0,2928000.0,58
2025-09-25,4,0,0,,31.2,0.0,1,115,2928000.0,3005000.0,3205000.0,64
2025-09-26,5,0,0,,31.4,13.7,1,115,3205000.0,3126000.0,2761000.0,55
2025-09-27,6,1,0,,29.4,0.0,1,115,2761000.0,4025000.0,3761000.0,75
2025-09-28,7,1,0,,29.4,12.2,1,115,3761000.0,3783000.0,3251000.0,65
2025-09-29,1,0,0,,26.5,23.6,1,115,3251000.0,2569000.0,2402000.0,48
2025-09-30,2,0,0,,26.2,6.9,1,115,2402000.0,2861000.0,2654000.0,53
2025-10-01,3,0,0,,25.5,34.0,1,115,2654000.0,2928000.0,1696000.0,33
2025-10-02,4,0,0,,27.5,23.3,1,115,1696000.0,3205000.0,2190000.0,43
2025-10-03,5,0,0,,26.8,42.9,1,115,2190000.0,2761000.0,2074000.0,41
2025-10-04,6,1,0,,31.1,7.5,1,115,2074000.0,3761000.0,3246000.0,64
2025-10-05,7,1,0,,21.5,0.0,1,115,3246000.0,3251000.0,3132000.0,62
2025-10-06,1,0,0,,23.5,0.0,1,115,3132000.0,2402000.0,2413000.0,48
2025-10-07,2,0,0,,29.3,10.1,1,115,2413000.0,2654000.0,1806000.0,36
2025-10-08,3,0,0,,27.0,0.0,1,115,1806000.0,1696000.0,2535000.0,50
2025-10-09,4,0,0,,29.1,69.6,1,115,2535000.0,2190000.0,1612000.0,32
2025-10-10,5,0,0,,23.4,16.5,1,115,1612000.0,2074000.0,2400000.0,48
2025-10-11,6,1,0,,26.7,0.0,1,115,2400000.0,3246000.0,3459000.0,69
2025-10-12,7,1,0,,29.0,53.6,1,115,3459000.0,3132000.0,2180000.0,43
2025-10-13,1,0,0,,26.4,0.0,1,115,2180000.0,2413000.0,2308000.0,46
2025-10-14,2,0,0,,23.6,10.7,1,115,2308000.0,1806000.0,2228000.0,44
2025-10-15,3,0,0,,27.3,2.9,1,115,2228000.0,2535000.0,2338000.0,46
2025-10-16,4,0,0,,24.1,10.0,1,115,2338000.0,1612000.0,2797000.0,55
2025-10-17,5,0,0,,23.5,10.0,1,115,2797000.0,2400000.0,3091000.0,61
2025-10-18,6,1,0,,27.2,3.3,1,115,3091000.0,3459000.0,3280000.0,65
2025-10-19,7,1,0,,26.1,11.9,1,115,3280000.0,2180000.0,2948000.0,58
2025-10-20,1,0,1,Ngày Phụ nữ VN,24.5,11.2,1,115,2948000.0,2308000.0,2327000.0,46
2025-10-21,2,0,0,,31.4,0.0,1,115,2327000.0,2228000.0,2811000.0,56
2025-10-22,3,0,0,,23.7,31.7,1,115,2811000.0,2338000.0,1829000.0,36
2025-10-23,4,0,0,,22.6,32.6,1,115,1829000.0,2797000.0,1725000.0,34
2025-10-24,5,0,0,,25.8,32.4,1,115,1725000.0,3091000.0,2039000.0,40
2025-10-25,6,1,0,,25.5,19.4,1,115,2039000.0,3280000.0,2545000.0,50
2025-10-26,7,1,0,,23.3,26.6,1,115,2545000.0,2948000.0,2781000.0,55
2025-10-27,1,0,0,,27.9,20.3,1,115,2781000.0,2327000.0,1934000.0,38
2025-10-28,2,0,0,,29.7,19.4,1,115,1934000.0,2811000.0,2337000.0,46
2025-10-29,3,0,0,,30.6,23.3,1,115,2337000.0,1829000.0,2292000.0,45
2025-10-30,4,0,0,,27.3,17.4,1,115,2292000.0,1725000.0,2292000.0,45
2025-10-31,5,0,0,,28.4,11.5,1,115,2292000.0,2039000.0,2555000.0,51
2025-11-01,6,1,0,,25.1,0.0,1,115,2555000.0,2545000.0,3810000.0,76
2025-11-02,7,1,0,,25.0,13.3,1,115,3810000.0,2781000.0,3518000.0,70
2025-11-03,1,0,0,,25.0,14.0,1,115,3518000.0,1934000.0,2171000.0,43
2025-11-04,2,0,0,,27.3,0.0,1,115,2171000.0,2337000.0,2521000.0,50
2025-11-05,3,0,0,,20.5,14.6,1,115,2521000.0,2292000.0,2381000.0,47
2025-11-06,4,0,0,,23.8,13.1,1,115,2381000.0,2292000.0,2599000.0,51
2025-11-07,5,0,0,,21.0,40.8,1,115,2599000.0,2555000.0,2353000.0,47
2025-11-08,6,1,0,,26.0,18.4,1,115,2353000.0,3810000.0,3396000.0,67
2025-11-09,7,1,0,,28.3,5.3,1,115,3396000.0,3518000.0,3311000.0,66
2025-11-10,1,0,0,,19.3,6.3,1,115,3311000.0,2171000.0,2307000.0,46
2025-11-11,2,0,0,,25.6,25.2,2,115,2307000.0,2521000.0,2733000.0,54
2025-11-12,3,0,0,,26.4,51.0,1,115,2733000.0,2381000.0,2150000.0,43
2025-11-13,4,0,0,,26.6,6.4,1,115,2150000.0,2599000.0,2459000.0,49
2025-11-14,5,0,0,,22.5,34.4,1,115,2459000.0,2353000.0,1947000.0,38
2025-11-15,6,1,0,,28.2,37.1,1,115,1947000.0,3396000.0,2564000.0,51
2025-11-16,7,1,0,,22.0,27.4,1,115,2564000.0,3311000.0,2931000.0,58
2025-11-17,1,0,0,,25.2,0.0,1,115,2931000.0,2307000.0,2350000.0,47
2025-11-18,2,0,0,,23.1,0.4,1,115,2350000.0,2733000.0,2366000.0,47
2025-11-19,3,0,0,,23.8,34.6,1,115,2366000.0,2150000.0,2055000.0,41
2025-11-20,4,0,1,Ngày Nhà giáo VN,27.3,41.3,1,115,2055000.0,2459000.0,2074000.0,41
2025-11-21,5,0,0,,27.1,26.7,1,115,2074000.0,1947000.0,2384000.0,47
2025-11-22,6,1,0,,24.0,7.6,1,115,2384000.0,2564000.0,3564000.0,71
2025-11-23,7,1,0,,26.3,8.3,1,115,3564000.0,2931000.0,3679000.0,73
2025-11-24,1,0,0,,25.0,24.8,1,115,3679000.0,2350000.0,2195000.0,43
2025-11-25,2,0,0,,24.8,3.6,1,115,2195000.0,2366000.0,2512000.0,50
2025-11-26,3,0,0,,26.7,15.2,1,115,2512000.0,2055000.0,2378000.0,47
2025-11-27,4,0,0,,24.0,0.0,1,115,2378000.0,2074000.0,2979000.0,59
2025-11-28,5,0,0,,27.4,0.0,1,115,2979000.0,2384000.0,3107000.0,62
2025-11-29,6,1,0,,20.9,3.7,1,115,3107000.0,3564000.0,3295000.0,65
2025-11-30,7,1,0,,21.3,14.8,1,115,3295000.0,3679000.0,2817000.0,56
2025-12-01,1,0,0,,22.7,5.6,1,115,2817000.0,2195000.0,3048000.0,60
2025-12-02,2,0,0,,24.1,11.0,1,115,3048000.0,2512000.0,2609000.0,52
2025-12-03,3,0,0,,25.9,7.0,1,115,2609000.0,2378000.0,3846000.0,76
2025-12-04,4,0,0,,21.2,6.0,1,115,3846000.0,2979000.0,3787000.0,75
2025-12-05,5,0,0,,24.0,23.5,1,115,3787000.0,3107000.0,3400000.0,68
2025-12-06,6,1,0,,19.9,6.5,1,115,3400000.0,3295000.0,4242000.0,84
2025-12-07,7,1,0,,21.7,0.0,1,115,4242000.0,2817000.0,4808000.0,96
2025-12-08,1,0,0,,22.2,20.6,1,115,4808000.0,3048000.0,3047000.0,60
2025-12-09,2,0,0,,25.5,26.4,1,115,3047000.0,2609000.0,3021000.0,60
2025-12-10,3,0,0,,23.8,9.1,1,115,3021000.0,3846000.0,3591000.0,71
2025-12-11,4,0,0,,27.3,0.0,1,115,3591000.0,3787000.0,3716000.0,74
2025-12-12,5,0,0,,22.6,0.0,1,115,3716000.0,3400000.0,4416000.0,88
2025-12-13,6,1,0,,20.5,0.0,1,115,4416000.0,4242000.0,4701000.0,94
2025-12-14,7,1,0,,25.1,0.0,1,115,4701000.0,4808000.0,4146000.0,82
2025-12-15,1,0,0,,19.8,23.6,1,115,4146000.0,3047000.0,2548000.0,50
2025-12-16,2,0,0,,24.5,0.0,1,115,2548000.0,3021000.0,3463000.0,69
2025-12-17,3,0,0,,24.7,3.6,1,115,3463000.0,3591000.0,3545000.0,70
2025-12-18,4,0,0,,19.0,0.0,1,115,3545000.0,3716000.0,3442000.0,68
2025-12-19,5,0,0,,26.7,0.0,1,115,3442000.0,4416000.0,4384000.0,87
2025-12-20,6,1,0,,20.1,2.6,1,115,4384000.0,4701000.0,4951000.0,99
2025-12-21,7,1,0,,22.1,8.5,1,115,4951000.0,4146000.0,4831000.0,96
2025-12-22,1,0,0,,21.1,6.3,1,115,4831000.0,2548000.0,3508000.0,70
2025-12-23,2,0,0,,22.5,0.0,1,115,3508000.0,3463000.0,3192000.0,63
2025-12-24,3,0,1,Giáng sinh Eve,23.1,22.0,1,115,3192000.0,3545000.0,5158000.0,103
2025-12-25,4,0,1,Giáng sinh,21.8,0.0,1,115,5158000.0,3442000.0,5042000.0,100
2025-12-26,5,0,0,,23.3,10.8,1,115,5042000.0,4384000.0,4204000.0,84
2025-12-27,6,1,0,,23.0,0.0,1,115,4204000.0,4951000.0,4917000.0,98
2025-12-28,7,1,0,,26.2,10.9,1,115,4917000.0,4831000.0,4953000.0,99
2025-12-29,1,0,0,,24.0,0.0,1,115,4953000.0,3508000.0,3683000.0,73
2025-12-30,2,0,0,,19.2,34.4,1,115,3683000.0,3192000.0,2124000.0,42
2025-12-31,3,0,1,Tất niên Dương lịch,23.3,0.0,1,115,2124000.0,5158000.0,5728000.0,114
